True value,Prediction
-0.95934075,-0.2686504
-0.95934075,-0.26422864
-0.95934075,-0.27684763
-0.95934075,-0.23503232
-0.95934075,-0.12643027
-0.95934075,-0.24643949
-0.95934075,-0.17765859
-0.95934075,-0.24178669
-0.93191713,-0.24060366
-0.7815209,-0.14727813
-0.73830783,-0.25733432
-0.78761506,-0.16860783
-0.8062114,-0.1394854
-0.8487966,-0.13163531
-0.90735584,-0.21261439
-0.9612429,-0.20956877
-0.9593592,-0.10497604
-0.95934075,-0.11447552
-0.95934075,-0.21193019
-0.95934075,-0.1440798
-0.9494239,-0.19947544
-0.89369017,-0.19470203
-0.9593962,-0.18924725
-0.89049536,-0.18666835
-0.8174579,-0.1842651
-0.85490924,-0.18633509
-0.9140409,-0.1881527
-0.9592854,-0.18918362
-0.9593777,-0.18884802
-0.95934075,-0.18552068
-0.95934075,-0.18297762
-0.95934075,-0.17892727
-0.95934075,-0.17533973
-0.95934075,-0.1701345
-0.86238843,-0.16639009
-0.7588248,-0.16128998
-0.72857565,-0.15673508
-0.6124729,-0.15488547
-0.59529847,-0.151478
-0.56139284,-0.1474143
-0.61668336,-0.14389992
-0.6765538,-0.14061211
-0.35677716,-0.1376578
0.05696015,-0.13338155
-0.19775681,-0.1287631
-0.24383228,-0.1251535
-0.38423777,-0.122042045
-0.5728425,-0.11696653
-0.554283,-0.112568505
-0.6065634,-0.10828456
-0.50575143,-0.105768256
-0.43430212,-0.1040119
-0.62080157,-0.10522087
-0.96549034,-0.107155204
-0.95934075,-0.106068596
-0.95934075,-0.10529698
-0.95934075,-0.10366724
-0.95934075,-0.10449705
-0.95934075,-0.104407065
-0.95934075,-0.10407832
-0.95934075,-0.10376296
-0.95934075,-0.10087971
-0.38842982,-0.09784672
-0.77396786,-0.097088285
-0.5738212,-0.09670169
-0.37312058,-0.0960401
-0.5616698,-0.0966004
-0.59888107,-0.09600186
-0.80445707,-0.095024385
-0.7098685,-0.09309453
-0.8869312,-0.090147585
-0.9133577,-0.08758354
-0.9180852,-0.08704516
-0.92279434,-0.08531185
-0.95934075,-0.08457597
-0.95254487,-0.08316314
-0.9544101,-0.08203889
-0.9587868,-0.0797253
-0.9587868,-0.07708715
-0.9587868,-0.074288875
-0.9587868,-0.07094859
-0.9588237,-0.06720844
-0.7231648,-0.06314531
-0.61241746,-0.058430366
-0.82098514,-0.05438612
-0.50072837,-0.052724596
-0.5479488,-0.051359233
-0.6792315,-0.050067734
-0.7112904,-0.049352262
-0.5932671,-0.049183633
-0.6208939,-0.049484033
-0.693839,-0.04785374
-0.64275897,-0.0470257
-0.6536546,-0.17070818
-0.58713603,0.027102195
-0.64196485,-0.22980352
-0.75278604,-0.039883286
-0.95934075,-0.257384
-0.95934075,-0.020629438
-0.95934075,-0.28081435
-0.6170158,-0.17778663
-0.17097948,-0.08855149
-0.54711777,-0.07579009
-0.8023518,-0.0520945
-0.102965094,-0.022265263
-0.47437578,-0.08993745
-0.6740423,-0.017374918
-0.35592768,-0.01371938
-0.3654567,-0.03440443
-0.4582909,-0.052917276
-0.620266,0.010530405
-0.64490116,-0.040930092
-0.3951149,-1.24E-06
-0.23882769,0.015785988
-0.08918862,0.023181856
-0.015430953,0.019733526
-0.33374867,0.014382258
-0.4097224,0.013845779
-0.5437383,0.037230957
-0.26154223,0.025043622
-0.62187266,0.03847069
-0.4638126,0.04603014
-0.6181238,0.049811404
-0.68759716,0.05218534
-0.80959094,0.04854262
-0.79936016,0.04697214
-0.9158138,0.046549678
-0.9528773,0.04036257
-0.90083694,0.038438205
-0.8372916,0.035815902
-0.7671719,0.03619693
-0.86870414,0.038347356
-0.8376425,0.040787295
-0.9456382,0.042364422
-0.9578634,0.04349729
-0.9488145,0.052435823
-0.9610397,0.066351146
-0.9593592,0.077188075
-0.95934075,0.08268872
-0.95934075,0.08820346
-0.95934075,0.09138693
-0.95934075,0.094287165
-0.95934075,0.090435795
-0.95934075,0.08610093
-0.95934075,0.08422431
-0.95934075,0.081563935
-0.95934075,0.0866611
-0.23698097,0.0910476
0.29692188,0.09459801
0.3490361,0.09680351
0.79588497,0.09803952
0.6636419,0.09698357
1.1251167,0.09729594
1.777043,0.09972164
1.7144209,0.10482915
1.5858159,0.10505335
1.6762125,0.10678612
1.5434524,0.10964907
1.415863,0.110316545
1.7600163,0.11157206
1.7913735,0.11560692
1.5452253,0.11923958
1.4082916,0.1200055
1.4192055,0.120328575
1.3053373,0.1187082
1.3965465,0.115244366
0.90810966,0.1133702
1.1096967,0.11405929
0.88155395,0.1139617
0.671195,0.11340877
0.7778056,0.112467565
0.25341335,0.111811616
-0.017333066,0.11226885
-0.13971466,0.11404139
0.06785575,0.11532805
0.05780964,0.118088
0.15073618,0.11864508
0.13498373,0.1173057
0.24070798,0.11690566
-0.001506746,0.11445245
-0.3776081,0.114120744
-0.5335629,0.11403351
-0.46968514,0.1127626
-0.5588259,0.11053224
-0.6611153,0.10967902
-0.59805006,0.10760277
-0.50004506,0.104621485
-0.4304979,0.10233031
-0.6030916,0.10118706
-0.75738436,0.099029005
-0.7751682,0.09690678
-0.7410964,0.09718787
-0.7389357,0.09766952
-0.7358702,0.0996902
-0.60087556,0.100211985
-0.5614852,0.10177488
-0.50279665,0.10404447
-0.7427769,0.10597215
-0.7256948,0.10458677
-0.9623324,0.1038123
-0.9100705,0.102152705
-0.81884295,0.097680375
-0.37480107,0.096252985
-0.61215895,0.09610623
-0.41352662,0.09519934
-0.52460635,0.09295279
0.47295046,0.0925586
0.4565332,0.09152083
-0.30625114,0.092469275
-0.5449017,0.094112195
-0.25402611,0.09602577
0.08996089,0.09638292
0.010127539,0.09562263
-0.15251237,0.09597392
-0.37432092,0.09526846
-0.287784,0.09522652
0.58521205,0.094640076
1.1254861,0.09323512
1.3671284,0.092540756
1.1872216,0.089584984
1.2821981,0.08631408
1.1569356,0.085548386
0.77206236,0.08612705
0.9792634,0.087225266
0.61499953,0.08682144
0.03965646,0.08629877
-0.23249346,0.08661404
0.016092418,0.08631851
-0.35794058,0.08531051
-0.35611236,0.08512795
-0.3634992,0.08495441
-0.2165194,0.084738694
-0.40133834,0.08395554
-0.43648127,0.08300154
-0.61749595,0.061513767
-0.78113306,0.23660363
-0.95254487,0.25195688
-0.9587868,0.18398675
-0.9587868,-0.042845532
-0.9587868,0.004469872
-0.9587868,-0.057107866
-0.9587868,-0.0709452
-0.81553733,-0.054375768
-0.8853061,-0.10584605
-0.8711972,-0.023363292
-0.90983045,-0.037901968
-0.90225893,-0.060085803
-0.95934075,-0.027981848
-0.95934075,-0.08053532
-0.95934075,-0.027186394
-0.95934075,-0.035090357
-0.95934075,-0.036188573
-0.95934075,-0.048064232
-0.95934075,-0.05395651
-0.9518062,-0.04661396
-0.8866727,-0.03860274
-0.8485196,-0.039198607
-0.95934075,-0.036815763
-0.95934075,-0.042976856
-0.95934075,-0.035355717
-0.95934075,-0.033598512
-0.95934075,-0.003299296
-0.95934075,-0.019963384
-0.95934075,-0.02043584
-0.95934075,-0.020686537
-0.95934075,-0.015346468
-0.84237003,-0.010974228
-0.67611057,-0.008110762
-0.5883548,-0.003497809
-0.6206723,0.00269258
-0.71657205,0.009091288
-0.6650118,0.01487264
-0.5434428,0.022386193
-0.62556607,0.020174861
-0.7019091,0.021657974
-0.7250115,0.020302445
-0.75845546,0.020929635
-0.7797111,0.02238661
-0.7886492,0.053023905
-0.8040323,0.031527787
-0.8536719,0.035486907
-0.89588773,0.04025823
-0.86253613,0.044900566
-0.8836995,0.04425195
-0.8799137,0.041434765
-0.79084677,0.041670382
-0.7899419,0.041448027
-0.808963,0.043942273
-0.73317397,0.04901102
-0.7726567,0.0517326
-0.81406,0.051428825
-0.85372734,0.049153656
-0.90011674,0.04784873
-0.9581035,0.04734847
-0.9577341,0.04661542
-0.9593962,0.047292054
-0.95934075,0.047278464
-0.95934075,0.047564387
-0.95934075,0.046000004
-0.95934075,0.045495242
-0.95934075,0.047605246
-0.95934075,0.0474599
-0.95934075,0.05013171
-0.95934075,0.05100414
-0.95934075,0.051925033
-0.832287,0.05101326
-0.7759623,0.051331192
-0.91424406,0.049283624
-0.96065193,0.04834023
-0.95886064,0.04983571
-0.9587868,0.051076442
-0.9587868,0.053764522
-0.9587868,0.05521825
-0.9587868,0.057477325
-0.9587868,0.05607015
-0.9587868,0.05652213
-0.9587868,0.055214673
-0.9587868,0.056034833
-0.9587868,0.05629754
-0.9587868,0.05572015
-0.9587868,0.055308014
-0.9587868,0.055825055
-0.9587868,0.05687514
-0.9587868,0.05694756
-0.9587868,0.05816117
-0.9587868,0.05869174
-0.72689515,0.060333997
-0.63376546,0.06179598
-0.61952734,0.06288558
-0.88944274,0.06310466
-0.93561053,0.0643805
-0.8762203,0.06594291
-0.8873559,0.067732334
-0.9031269,0.06728256
-0.85027397,0.06941578
-0.79132694,0.0698805
-0.84698683,0.07025862
-0.7524906,0.06851545
-0.565511,0.06802453
-0.52848446,0.0685754
-0.21938181,0.066838145
0.24840876,0.06499471
0.6605579,0.06250472
1.0123011,0.061025947
0.8831421,0.057390466
0.48013416,0.054338172
0.60515654,0.051765695
1.0438799,0.048407942
1.3362329,0.046171963
1.75937,0.16020885
1.6386689,0.048095793
1.7622323,0.047548443
1.5786507,0.047113657
1.628475,0.04771009
1.8376889,0.049235076
1.7533127,0.047661632
1.7792959,0.04655081
1.6620852,0.04694441
1.8794247,0.047912925
1.9018623,0.048089594
1.8816407,0.049216807
1.9005141,0.0501163
1.8455006,0.05144143
1.8793138,0.05121103
1.8659991,0.050878093
1.854808,0.051432252
1.8906527,0.051113725
1.8981688,0.051847443
1.8939399,0.051551566
1.7460182,0.05251336
1.8281599,0.052917853
1.8997754,0.054132372
1.8693231,0.05523525
1.9018623,0.056451812
1.7495085,0.05807388
1.5633968,0.3056796
1.0026612,-0.112816215
1.3852261,0.3118604
1.3990949,-0.04816857
1.1795763,-0.003458962
1.3055221,0.101259016
1.105634,0.074864596
1.2717826,0.019088045
1.3853738,0.030305788
1.2130387,0.03518936
1.1742947,0.035599142
0.90600437,-0.042890787
0.4962375,-0.01297532
0.4502359,-0.02631332
0.008188492,-0.034509927
-0.0146184,-0.016713649
-0.25997254,-0.007156849
-0.39963934,-0.002119765
-0.44953752,-0.014126942
-0.4174232,-0.024006248
-0.4125294,-0.029516816
-0.5176442,-0.025392592
-0.533212,-0.028680712
-0.51998955,-0.023960888
-0.64091223,-0.014297903
-0.7224446,-0.016193658
-0.7925827,-0.021573722
-0.8564789,-0.021038473
-0.8695906,-0.005106241
-0.8831639,0.01390928
-0.8152234,-0.05148685
-0.8485935,0.026015937
-0.904438,-0.06728485
-0.92392087,0.00011006
-0.8635149,-0.006615669
-0.7989908,-0.02577652
-0.8561465,-0.022842541
-0.89101243,-0.018397838
-0.92504734,-0.012373567
-0.96266484,-0.009396538
-0.93503803,-0.006626368
-0.93627536,-0.007202372
-0.9256752,-0.003192186
-0.91780823,-0.003935725
-0.96015334,-0.00531067
-0.9587868,-0.005223915
-0.9587868,-0.002664536
-0.9587868,0.001518548
-0.9587868,0.001473218
-0.82739323,0.004707277
-0.6963136,0.005054116
-0.73374647,0.003336906
-0.7834045,-0.001297936
-0.8564051,-0.001831591
-0.8869312,0.002011418
-0.8765527,0.008246884
-0.939821,0.007856846
-0.9593777,0.002829045
-0.95934075,0.002966315
-0.95934075,-0.001443595
-0.95934075,-0.08257353
-0.95934075,-0.009535909
-0.95934075,-0.015185937
-0.95934075,-0.021772489
-0.95934075,-0.022525027
-0.95934075,-0.025621906
-0.95934075,-0.031058967
-0.95934075,-0.036103785
-0.95934075,-0.039318696
-0.95934075,-0.044305474
-0.95934075,-0.048876017
-0.95934075,-0.055890307
-0.95934075,-0.059236392
-0.95934075,-0.053615585
-0.95934075,-0.05702974
-0.95934075,-0.06163542
-0.95934075,-0.067794725
-0.95934075,-0.069831
-0.95934075,-0.07341927
-0.95934075,-0.07555133
-0.95934075,-0.074670166
-0.95934075,-0.07364687
-0.95934075,-0.073971584
-0.95934075,-0.07472217
-0.95934075,-0.075076446
-0.95934075,-0.07949689
-0.95934075,-0.05189812
-0.95934075,-0.08566895
-0.95934075,-0.0867179
-0.95934075,-0.08706148
-0.95934075,-0.089123175
-0.95934075,-0.09242532
-0.95934075,-0.09343788
-0.95934075,-0.09372628
-0.95934075,-0.0955247
-0.95934075,-0.097197205
-0.95934075,-0.09730552
-0.95934075,-0.099791124
-0.95934075,-0.09852673
-0.95934075,-0.09809531
-0.95934075,-0.09935339
-0.95934075,-0.10046418
-0.95934075,-0.10302764
-0.95934075,-0.10469097
-0.95934075,-0.10577753
-0.95934075,-0.10380058
-0.95934075,-0.10119638
-0.95934075,-0.09943384
-0.95934075,-0.09954794
-0.95934075,-0.09651038
-0.95934075,-0.09407012
-0.95934075,-0.09366892
-0.95934075,-0.09312171
-0.95934075,-0.092898905
-0.95934075,-0.09025344
-0.95934075,-0.08749491
-0.95934075,-0.08560836
-0.95934075,-0.08698541
-0.95934075,-0.090133786
-0.95934075,-0.09441246
-0.95934075,-0.09575747
-0.95934075,-0.09783766
-0.95934075,-0.098724306
-0.95934075,-0.09929986
-0.95934075,-0.10124265
-0.95934075,-0.10313621
-0.95934075,-0.105563134
-0.95934075,-0.107532784
-0.95934075,-0.109992355
-0.95934075,-0.111363545
-0.95934075,-0.11195712
-0.95934075,-0.110931054
-0.95934075,-0.11010653
-0.95934075,-0.10852499
-0.95934075,-0.10894835
-0.95934075,-0.10647315
-0.95934075,-0.105602935
-0.95934075,-0.104202315
-0.95934075,-0.100696355
-0.95934075,-0.096840754
-0.95934075,-0.094662756
-0.95934075,-0.18084976
-0.95934075,-0.37162304
-0.95934075,-0.4371983
-0.95934075,-0.48880407
-0.95934075,-0.25622267
-0.95934075,-0.20575663
-0.95934075,-0.245222
-0.95934075,-0.12071365
-0.95934075,-0.24903762
-0.95934075,-0.30433556
-0.95934075,-0.1661534
-0.95934075,-0.23794907
-0.95934075,-0.20825227
-0.95934075,-0.22795594
-0.95934075,-0.18496439
-0.95934075,-0.21046211
-0.95934075,-0.28700453
-0.95934075,-0.23612174
-0.95934075,-0.2849784
-0.95934075,-0.2851805
-0.95934075,-0.2596877
-0.95934075,-0.28923059
-0.95934075,-0.29150087
-0.95934075,-0.26765063
-0.95934075,-0.30155942
-0.95934075,-0.30987075
-0.8610034,-0.3119463
-0.85906434,-0.316858
-0.93402237,-0.3232626
-0.95884216,-0.32550222
-0.9587868,-0.3200004
-0.9587868,-0.30139184
-0.9587868,-0.30419785
-0.9587868,-0.30054268
-0.9587868,-0.30086046
-0.9587868,-0.30708823
-0.9587868,-0.30849564
-0.9587868,-0.30462256
-0.9587868,-0.30710605
-0.5947814,-0.30657265
-0.42654595,-0.3101569
-0.95952547,-0.3125951
-0.8948536,-0.3119774
-0.63886243,-0.3145844
-0.52342445,-0.31744063
-0.8301448,-0.3215804
-0.4880045,-0.32650226
-0.07703726,-0.3294042
-0.09356533,-0.33155304
-0.09454409,-0.32966703
-0.51629615,-0.3312405
-0.6184193,-0.33398956
-0.9225912,-0.33491886
-0.9110862,-0.33590892
-0.95932233,-0.33669063
-0.9587868,-0.33882248
-0.9587868,-0.3360261
-0.9587868,-0.3355659
-0.9587868,-0.33473063
-0.9587868,-0.3361514
-0.9587868,-0.3383492
-0.9587868,-0.34065926
-0.9587868,-0.34522966
-0.9587868,-0.34493166
-0.9587868,-0.34385538
-0.9587868,-0.34341958
-0.9587868,-0.34229264
-0.9587868,-0.34169585
-0.9587868,-0.34335437
-0.9587868,-0.34545338
-0.9587868,-0.34429532
-0.9587868,-0.3442206
-0.9587868,-0.344395
-0.9587868,-0.34475034
-0.9590084,-0.344777
-0.8496461,-0.34534538
-0.8613912,-0.34369037
-0.8995627,-0.3417573
-0.89657104,-0.336625
-0.19280763,-0.3348261
-0.33679575,-0.33250237
0.31062448,-0.33139944
0.2681132,-0.33028966
0.018530078,-0.33127883
-0.19467281,-0.3336411
0.29452115,-0.33557183
0.079305366,-0.33570048
-0.11184778,-0.33478972
-0.04798848,-0.3334741
0.36811262,-0.33243138
-0.019327516,-0.33269393
0.22124363,-0.33100775
-0.2538599,-0.328735
-0.49225196,-0.3260475
-0.7955559,-0.32509148
-0.7070061,-0.32438406
-0.49590844,-0.32210127
-0.90152025,-0.32070822
-0.9277989,-0.32157275
-0.6256769,-0.32199228
0.26353332,-0.32236418
0.46283048,-0.32151282
0.4152407,-0.32276917
0.57499975,-0.3228578
0.9843419,-0.32393926
1.4627695,-0.32441562
1.695289,-0.32267165
1.5255947,-0.32219264
0.52800095,-0.32139957
-0.13194,-0.32301664
-0.25097904,-0.32485652
-0.78648853,-0.3243563
-0.95934075,-0.322533
-0.95934075,-0.32166198
-0.95930386,-0.3209318
-0.65040433,-0.32267025
-0.6970708,-0.32200816
-0.60591704,-0.32161063
-0.7559993,-0.32134873
-0.80342287,-0.32000145
-0.8545029,-0.31954455
-0.9494978,-0.31850097
-0.95721704,-0.31762555
-0.9193041,-0.3155251
-0.9593777,-0.31464934
-0.95934075,-0.31361863
-0.95934075,-0.31347552
-0.95934075,-0.31481874
-0.95934075,-0.31423986
-0.95934075,-0.31488386
-0.95934075,-0.3163151
-0.95934075,-0.31873864
-0.95934075,-0.31792367
-0.95934075,-0.31709474
-0.95934075,-0.31655988
-0.95934075,-0.31785473
-0.95934075,-0.318162
-0.95934075,-0.31883502
-0.9413353,-0.3197515
-0.9044565,-0.32098213
-0.91291445,-0.3229927
-0.7892401,-0.23579262
0.31169558,0.032642275
0.8283501,-0.005130619
1.219336,-0.04341212
1.6109498,-0.31486934
1.383361,-0.22656202
1.50794,0.06634646
1.3053005,0.027705483
1.6009405,-0.044979945
1.4385592,-0.04588978
1.883432,-0.051870346
1.843857,-0.06268945
1.9030256,-0.06320155
1.8904865,-0.073182195
1.90225,-0.07839432
1.8583906,-0.08576617
1.8414932,-0.08888976
1.9018991,-0.0918517
1.9025639,-0.022785932
1.900588,-0.100996435
1.9033765,-0.10556303
1.8994246,-0.11133443
1.901105,-0.11879729
1.901936,-0.12518972
1.9037644,-0.13253161
1.9006433,-0.1344237
1.879831,-0.13449456
1.8971716,-0.13624786
1.9010681,-0.14068565
1.8932011,-0.14575498
1.9020839,-0.14854549
1.9018253,-0.07580133
1.8947893,-0.09233603
1.8979102,-0.15754925
1.8988521,-0.16759121
1.896599,-0.16828056
1.9019915,-0.16983178
1.9022131,-0.1717626
1.9029334,-0.16997433
1.9004033,-0.16682194
1.9023054,-0.16574281
1.9032103,-0.16242534
1.9029149,-0.16290846
1.9021946,-0.16227768
1.9018991,-0.16329785
1.8967284,-0.1621171
1.0595216,-0.1595053
1.1125221,-0.16085266
0.5283149,-0.16179314
0.6594314,-0.1590311
0.27904573,-0.1581053
0.14637794,-0.1969491
0.15731047,0.1178914
-0.050463077,-0.2221245
-0.051755775,-0.1596495
-0.122189365,-0.069456935
0.12656271,-0.15910068
0.06927772,-0.1594683
0.064642474,-0.16184883
0.26750377,-0.16212952
0.28260988,-0.16334654
0.38940522,-0.16466296
0.17177023,-0.1699767
-0.038699523,-0.17396988
-0.32931656,-0.1747926
-0.31251147,-0.17283398
-0.29890123,-0.16813113
-0.6210601,-0.16555698
-0.6918815,-0.1629747
-0.8343738,-0.16140921
-0.9441977,-0.1585952
-0.9593777,-0.15997946
-0.95934075,-0.16327111
-0.95934075,-0.16465168
-0.95934075,-0.16328335
-0.95934075,-0.16162366
-0.95934075,-0.15868922
-0.95934075,-0.15480316
-0.9593777,-0.1523784
-0.9593592,-0.15060583
-0.95934075,-0.14726932
-0.95934075,-0.14644091
-0.95934075,-0.14702825
-0.95934075,-0.14792235
-0.95934075,-0.14789003
-0.95934075,-0.15028456
-0.95934075,-0.15241492
-0.95934075,-0.15460129
-0.95934075,-0.15748182
-0.95934075,-0.15672229
-0.95934075,-0.15616527
-0.95934075,-0.15564144
-0.95934075,-0.15398039
-0.95934075,-0.15388793
-0.95934075,-0.15492542
-0.95934075,-0.15398091
-0.95934075,-0.15479289
-0.95934075,-0.15672389
-0.8340783,-0.15599713
-0.84331185,-0.15369345
-0.83343196,-0.15273613
-0.8237552,-0.151564
-0.8135983,-0.15158193
-0.79424477,-0.15142767
-0.79300743,-0.15290034
-0.82517713,-0.15523478
-0.8091662,-0.15518045
-0.7725274,-0.15562867
-0.80189013,-0.15553978
-0.7881506,-0.15691735
-0.78205645,-0.1575461
-0.7969594,-0.15689024
-0.81647915,-0.15435873
-0.8477255,-0.15151805
-0.8653062,-0.15186185
-0.8089815,-0.1522416
-0.777532,-0.15247022
-0.72938824,-0.15407331
-0.81586975,-0.07648285
-0.8237921,-0.15277384
-0.67982244,-0.15095754
-0.7491665,-0.15064757
-0.68938845,-0.1522319
-0.4953729,-0.15314083
-0.34870705,-0.15295435
-0.2529181,-0.15304773
-0.051811177,-0.15305267
0.003830251,-0.15362322
-0.16689827,-0.15378194
-0.124442354,-0.1549527
-0.000786528,-0.15634356
-0.1596222,-0.15750295
0.7441955,-0.15834455
0.8245644,-0.16064258
0.56004137,-0.16183227
0.7660975,-0.1638361
0.6170863,-0.16538319
0.4393957,-0.167083
0.30296063,-0.16814676
0.41084555,-0.17065556
0.3585282,-0.17311424
0.20534344,0.27561978
0.4485,0.24063228
0.1052886,0.19412102
0.56087244,0.28776962
0.40495452,0.108775616
0.43295068,0.20838338
0.14137335,0.13341881
0.2762572,0.12303096
0.47529578,0.07302596
0.3196734,-0.0320307
0.31272975,-0.03975346
-0.48122707,-0.03204971
0.25716218,-0.037764903
-0.6507552,0.047856927
-0.0761139,-0.05381294
0.003664047,-0.053739525
0.26188976,-0.06130249
-0.24087754,-0.062078148
-0.42789406,-0.06661716
0.5641226,-0.068945915
0.36170453,-0.06778234
0.20009878,-0.06780698
1.4295841,-0.07747573
0.32800204,-0.007761747
-0.26047114,-0.082883745
0.44113162,-0.1401944
0.7016842,-0.08620951
0.15130866,-0.09425812
-0.11415617,-0.102402225
-0.33077547,-0.11180824
0.8108064,-0.11836623
0.5488503,-0.11790247
0.4346866,-0.11649749
-0.3869709,-0.11885226
0.47839826,-0.12194653
0.19332135,-0.1257793
0.80740845,-0.12991604
0.5025532,-0.13422926
0.21140066,-0.13713235
-0.33276993,-0.1395121
0.28634024,-0.14092757
-0.0853844,-0.14317164
0.30630317,-0.14457452
-0.36449644,-0.14684704
-0.11469171,-0.15052606
-0.25653765,-0.15348485
-0.36656475,-0.1554666
-0.33472744,-0.1570302
-0.31251147,-0.1576758
-0.42107967,-0.15991078
-0.39622295,-0.16141085
-0.52663773,-0.16482356
-0.45736757,-0.1648888
-0.49812448,-0.16062933
-0.41328654,-0.16260657
-0.34527215,-0.16357677
-0.16606724,-0.1624814
-0.104479395,-0.16312796
-0.09563365,-0.16487172
0.06475327,-0.16486305
-0.10361145,-0.16638264
-0.20364782,-0.16734841
-0.20536527,-0.16862829
-0.08787746,-0.17023414
0.012731402,-0.17384298
-0.0679145,-0.20400383
-0.017850146,-0.17991978
0.16676563,-0.18230614
0.2072825,-0.18384056
0.24312717,-0.18516645
0.2702369,-0.18720174
-0.02891195,-0.18724163
-0.19347245,-0.18791723
-0.21190262,-0.18695477
-0.34017524,-0.18684492
-0.44421896,-0.18579392
-0.5522147,-0.18693095
-0.649481,-0.18447654
-0.7346883,-0.18456942
-0.87295157,-0.1873532
-0.9595439,-0.1886989
-0.95934075,-0.18956378
-0.95934075,-0.19052088
-0.95934075,-0.19233918
-0.95934075,-0.19236252
-0.95934075,-0.19400218
-0.95934075,-0.21624315
-0.95934075,-0.20669886
-0.95934075,-0.1988813
-0.95934075,-0.20075886
-0.95934075,-0.22756892
-0.95934075,-0.20274507
-0.95934075,-0.20207475
-0.95934075,-0.20102677
-0.95934075,-0.20095232
-0.95934075,-0.20085795
-0.95934075,-0.20108159
-0.95934075,-0.20054075
-0.95934075,-0.19912504
-0.95934075,-0.20034313
-0.95934075,-0.19952834
-0.95934075,-0.19916886
-0.95934075,-0.20018569
-0.95934075,-0.27318153
-0.95934075,-0.2002468
-0.95934075,-0.2017915
-0.95934075,-0.20288661
-0.95934075,-0.20400694
-0.95934075,-0.20514855
-0.95934075,-0.18022335
-0.95934075,-0.10772848
-0.95934075,-0.2035572
-0.95934075,-0.20252644
-0.95934075,-0.15334833
-0.95934075,-0.20039201
-0.95934075,-0.20037028
-0.95934075,-0.2005463
-0.95934075,-0.19916523
-0.95934075,-0.19935614
-0.95934075,-0.19841939
-0.95934075,-0.19643551
-0.9153336,-0.19483225
-0.7643465,-0.19556308
-0.8695536,-0.19602473
-0.93878686,-0.19690993
-0.9468201,-0.19627985
-0.9593592,-0.19681212
-0.95934075,-0.19713654
-0.95934075,-0.19950613
-0.95934075,-0.20018655
-0.95934075,-0.20077935
-0.95934075,-0.20049742
-0.95934075,-0.20010298
-0.95934075,-0.20035857
-0.95934075,-0.20044467
-0.95934075,-0.20085073
-0.95934075,-0.20177378
-0.95934075,-0.20252317
-0.95934075,-0.20245011
-0.95934075,-0.20096716
-0.95934075,-0.20021042
-0.95934075,-0.09492174
-0.95934075,0.15595978
-0.95934075,0.26714045
-0.95934075,0.25843692
-0.95934075,0.20045471
-0.95934075,0.14721966
-0.9593592,0.34625995
-0.95934075,0.28644592
-0.95934075,0.28377706
-0.958916,0.27429622
-0.9588237,0.2722416
-0.95934075,0.2645524
-0.91016287,0.2554263
-0.95934075,0.1992175
-0.95934075,0.24711198
-0.90735584,0.14608002
-0.96041185,0.20159191
-0.95934075,0.18092674
-0.95934075,0.2426948
-0.68370056,0.09869957
-0.91699564,0.20121866
-0.9534498,0.25613755
-0.95934075,0.33315343
-0.95934075,0.2755366
-0.9379189,0.2809906
-0.6940606,0.25591713
-0.812638,0.28003985
-0.95934075,0.27640516
-0.95934075,0.24303031
-0.95934075,0.2546234
-0.95934075,0.24643719
-0.95934075,0.24384749
-0.95934075,0.24845344
-0.8840134,0.215554
-0.51391387,0.25085932
-0.32523534,0.2516364
0.052343372,0.22468805
-0.086418554,0.19676358
-0.37609378,0.23747414
-0.14403597,0.23317736
-0.032346833,0.22907352
0.052768115,0.23000586
-0.06809918,0.23029435
-0.23790433,0.23024064
0.27592477,0.16883093
0.7948508,0.2339766
0.30746663,0.23440486
0.20613754,0.23974901
-0.14335269,0.24304533
0.23121588,0.244771
-0.13181074,0.24782324
0.15226895,0.24834955
0.059360877,0.24672437
-0.5044956,0.24563271
-0.7156671,0.24020159
-0.769111,0.2351448
-0.6211155,0.23581308
-0.29938138,0.23347867
-0.026825165,0.23099774
0.35025492,0.22678113
-0.08905935,0.22805119
0.15081005,0.22445345
0.35163996,0.22323483
0.18425399,0.22526324
0.035704497,0.22571588
-0.1100934,0.22746599
0.32390234,0.22916764
0.5613341,0.23013371
0.6882032,0.23168391
0.6882032,0.23425812
0.32253578,0.23506904
0.14091167,0.23411733
0.025529115,0.23189837
-0.08019514,0.23157299
-0.08423944,0.2291317
-0.004147544,0.22567058
-0.030149246,0.22296816
-0.003445793,0.22454971
0.12911119,0.22696763
0.17793824,0.229478
0.14506677,0.23127663
-0.22549443,0.23337436
-0.49179026,0.23631966
-0.57014626,0.23916686
-0.8459342,0.24162227
-0.95934075,0.24184906
-0.95934075,0.24292243
-0.95934075,0.24025261
-0.922148,0.23980021
-0.6752611,0.2384963
-0.8781224,0.23743796
-0.8663958,0.236036
-0.88362557,0.2345866
-0.9282052,0.23351061
-0.9593777,0.23261595
-0.95934075,0.23103034
-0.95934075,0.22958678
-0.95934075,0.22950572
-0.95934075,0.22995669
-0.95934075,0.22956365
-0.95934075,0.22745496
-0.7439403,0.22729236
-0.7186588,0.22755748
-0.5897768,0.22716361
-0.57858574,0.22493368
-0.3954658,0.22489011
-0.41384056,0.22571957
-0.59925044,0.22485942
-0.6361847,0.22245443
-0.4836278,0.21895504
-0.09868072,0.2171632
-0.009798482,0.21568131
-0.23299207,0.21406126
-0.34239128,0.21111178
-0.34892863,0.2087413
-0.47071928,0.20579118
-0.51544666,0.20578617
-0.547801,0.2055698
-0.61928725,0.20648259
-0.6393795,0.20617265
-0.5846614,0.20515698
-0.5119379,0.20301896
-0.43709067,0.20038497
-0.28242856,0.19703972
-0.30562326,0.1936717
-0.21875393,0.19251734
0.025510648,0.18951094
0.19623916,0.18879431
0.19878761,0.18754482
0.25729147,0.18628037
0.3290362,0.18649393
0.1798219,0.18621778
-0.17567013,0.1868571
-0.045717027,0.18899494
-0.18303852,0.1915099
-0.06700961,0.1929608
-0.31350872,0.19461101
-0.5415037,0.1970753
-0.43709067,0.1966545
-0.6289825,0.19533348
-0.47587162,0.19472879
